size_class,n_bubbles,n_detected,object_recall,pixel_recall,mean_coverage
edgeLarge,62.0,58.0,0.9354838709677419,0.88819666880205,0.8924052672419501
giants,423.0,338.0,0.7990543735224587,0.7971259961846351,0.7536350930503543
