size_class,n_bubbles,n_detected,object_recall,pixel_recall,mean_coverage,global_precision,global_n_pred_blobs,global_n_spurious
edgeLarge,26.0,16.0,0.6153846153846154,0.6218025751072961,0.6203730328846262,0.7368421052631579,133,35
giants,157.0,90.0,0.5732484076433121,0.5821697231167847,0.5779451649526536,0.7368421052631579,133,35
large,155.0,95.0,0.6129032258064516,0.5975710736958322,0.592812552177045,0.7368421052631579,133,35
medium,95.0,58.0,0.6105263157894737,0.5797058649813951,0.56625852955581,0.7368421052631579,133,35
small,75.0,40.0,0.5333333333333333,0.5272640496360816,0.5194250122956113,0.7368421052631579,133,35
tiny,53.0,37.0,0.6981132075471698,0.6963788300835655,0.6673719773368032,0.7368421052631579,133,35
