size_class,n_bubbles,n_detected,object_recall,pixel_recall,mean_coverage,global_precision,global_n_pred_blobs,global_n_spurious
edgeLarge,26.0,19.0,0.7307692307692307,0.719769313304721,0.7077726002142118,0.6280487804878049,164,61
giants,159.0,95.0,0.5974842767295597,0.5808247066737307,0.5792799367695676,0.6280487804878049,164,61
large,155.0,93.0,0.6,0.586333346476874,0.5826051440026428,0.6280487804878049,164,61
medium,95.0,51.0,0.5368421052631579,0.5401334829602504,0.5404258589829504,0.6280487804878049,164,61
small,76.0,37.0,0.4868421052631579,0.50727036292706,0.48461814142229326,0.6280487804878049,164,61
