size_class,n_bubbles,observed_recall,chance_recall_mean,chance_recall_std,chance_recall_p95,excess_above_chance
tiny,53,0.6981132075471698,0.4970754716981132,0.07817328607490781,0.6226415094339622,0.20103773584905654
small,75,0.5333333333333333,0.4534,0.06295673999748645,0.5473333333333331,0.0799333333333333
medium,95,0.6105263157894737,0.4487894736842105,0.06071756968701943,0.5578947368421052,0.16173684210526318
large,155,0.6129032258064516,0.3712258064516129,0.0443467558617658,0.43870967741935485,0.24167741935483872
giants,157,0.5732484076433121,0.31834394904458596,0.040112018085459514,0.3888535031847133,0.2549044585987261
edgeLarge,26,0.6153846153846154,0.3007692307692308,0.11244722628070847,0.5,0.31461538461538463
