size_class,n_bubbles,n_detected,object_recall,pixel_recall,mean_coverage,global_precision,global_n_pred_blobs,global_n_spurious
edgeLarge,26.0,20.0,0.7692307692307693,0.66625,0.6653408508853424,0.6643356643356644,143,48
giants,161.0,92.0,0.5714285714285714,0.5770581188814078,0.5436886601375913,0.6643356643356644,143,48
