size_class,n_bubbles,n_detected,object_recall,pixel_recall,mean_coverage,global_precision,global_n_pred_blobs,global_n_spurious
edgeLarge,26.0,20.0,0.7692307692307693,0.6121942060085837,0.6268992664482534,0.632258064516129,155,57
giants,159.0,96.0,0.6037735849056604,0.5652639787602612,0.5581215180015657,0.632258064516129,155,57
large,156.0,91.0,0.5833333333333334,0.5643697939071605,0.5684027772941754,0.632258064516129,155,57
