size_class,n_bubbles,n_detected,object_recall,pixel_recall,mean_coverage,global_precision,global_n_pred_blobs,global_n_spurious
edgeLarge,26.0,19.0,0.7307692307692307,0.591480686695279,0.6177873749158168,0.735632183908046,174,46
giants,159.0,84.0,0.5283018867924528,0.505330769642889,0.5091193679127152,0.735632183908046,174,46
large,154.0,86.0,0.5584415584415584,0.5406671145713947,0.5332102442963345,0.735632183908046,174,46
medium,98.0,46.0,0.46938775510204084,0.4530553142195193,0.4490982730672478,0.735632183908046,174,46
