{
  "dice_coef": [
    0.2838103473186493,
    0.3097292184829712,
    0.3139190971851349,
    0.32068631052970886,
    0.32028573751449585,
    0.3281773626804352,
    0.3220919966697693,
    0.3224797248840332,
    0.3252064287662506,
    0.339884489774704,
    0.34041324257850647,
    0.3534514904022217,
    0.35855603218078613,
    0.3606480658054352,
    0.36623048782348633,
    0.37208423018455505,
    0.37778207659721375,
    0.3919588327407837,
    0.4033300578594208,
    0.4112115204334259,
    0.4199352562427521,
    0.42711779475212097,
    0.43491414189338684,
    0.443554550409317,
    0.45169737935066223,
    0.458670049905777,
    0.4680882394313812,
    0.4806334972381592,
    0.48776495456695557,
    0.49411895871162415,
    0.5001946687698364,
    0.5069449543952942,
    0.5153129696846008,
    0.5240053534507751,
    0.5208192467689514,
    0.5263304114341736,
    0.5320239067077637,
    0.5375462770462036,
    0.542748749256134,
    0.54776531457901,
    0.5524341464042664,
    0.5559410452842712,
    0.5594829320907593,
    0.5626857876777649,
    0.5657416582107544,
    0.5687226057052612,
    0.5701642036437988,
    0.572327196598053,
    0.5741656422615051,
    0.575879693031311,
    0.5775007605552673,
    0.5790959000587463,
    0.5811789035797119,
    0.5821316838264465,
    0.5830340385437012
  ],
  "iou_coef": [
    0.16712073981761932,
    0.18478523194789886,
    0.18776138126850128,
    0.1925869733095169,
    0.19243228435516357,
    0.19810228049755096,
    0.19367574155330658,
    0.19402189552783966,
    0.19587217271327972,
    0.20646317303180695,
    0.20681317150592804,
    0.2162104696035385,
    0.22003173828125,
    0.2218250185251236,
    0.2257692813873291,
    0.23042231798171997,
    0.2347956895828247,
    0.24595065414905548,
    0.2548353374004364,
    0.26107513904571533,
    0.2680981457233429,
    0.27395927906036377,
    0.2804514765739441,
    0.2875783443450928,
    0.29437756538391113,
    0.30032482743263245,
    0.30841150879859924,
    0.3193061053752899,
    0.3256653845310211,
    0.33130332827568054,
    0.33668676018714905,
    0.34270918369293213,
    0.35019078850746155,
    0.3580422103404999,
    0.35513320565223694,
    0.3601292371749878,
    0.36544618010520935,
    0.370607852935791,
    0.3755006492137909,
    0.3802697956562042,
    0.3847547769546509,
    0.38808074593544006,
    0.39145585894584656,
    0.39453327655792236,
    0.39748451113700867,
    0.40037599205970764,
    0.40181946754455566,
    0.4039110839366913,
    0.40570640563964844,
    0.4073871672153473,
    0.4089808464050293,
    0.4105553925037384,
    0.4127180874347687,
    0.4136591851711273,
    0.41455361247062683
  ],
  "loss": [
    1.6667462587356567,
    1.5761228799819946,
    1.5686928033828735,
    1.5512127876281738,
    1.5600404739379883,
    1.5333209037780762,
    1.561959147453308,
    1.5548220872879028,
    1.549614429473877,
    1.5066328048706055,
    1.5072059631347656,
    1.4823622703552246,
    1.468205451965332,
    1.4640356302261353,
    1.4528456926345825,
    1.4366987943649292,
    1.4230375289916992,
    1.386519432067871,
    1.361840844154358,
    1.3444876670837402,
    1.3278608322143555,
    1.3117307424545288,
    1.2948126792907715,
    1.2755855321884155,
    1.258033275604248,
    1.2429760694503784,
    1.2217814922332764,
    1.1912726163864136,
    1.1755259037017822,
    1.1608867645263672,
    1.1475635766983032,
    1.132494568824768,
    1.114031434059143,
    1.0951815843582153,
    1.1029324531555176,
    1.0891917943954468,
    1.0761116743087769,
    1.0636769533157349,
    1.051881194114685,
    1.0403798818588257,
    1.026547908782959,
    1.0202330350875854,
    1.0123995542526245,
    1.0052821636199951,
    0.9984493255615234,
    0.9917427897453308,
    0.9859591126441956,
    0.9811563491821289,
    0.9770407676696777,
    0.9731736779212952,
    0.9694705605506897,
    0.9658599495887756,
    0.9601583480834961,
    0.9572960734367371,
    0.9554149508476257
  ],
  "val_dice_coef": [
    0.3063654601573944,
    0.31039533019065857,
    0.31261298060417175,
    0.3126349449157715,
    0.3133717477321625,
    0.3157873749732971,
    0.3189382255077362,
    0.3021599352359772,
    0.30081573128700256,
    0.3265325725078583,
    0.35235512256622314,
    0.3550151586532593,
    0.35705092549324036,
    0.3660467863082886,
    0.3630967140197754,
    0.3605128526687622,
    0.3657265603542328,
    0.364950031042099,
    0.37561360001564026,
    0.3818010091781616,
    0.38545140624046326,
    0.38638174533843994,
    0.3854295313358307,
    0.3902163803577423,
    0.3889094293117523,
    0.391170471906662,
    0.4027951955795288,
    0.4264974892139435,
    0.42840397357940674,
    0.4302853047847748,
    0.43174514174461365,
    0.43140020966529846,
    0.42906269431114197,
    0.4268460273742676,
    0.43091869354248047,
    0.4300156831741333,
    0.4312995672225952,
    0.43306437134742737,
    0.4348725974559784,
    0.43661144375801086,
    0.42996326088905334,
    0.43112635612487793,
    0.4322170317173004,
    0.43302085995674133,
    0.43366584181785583,
    0.43421509861946106,
    0.4312593936920166,
    0.4312499463558197,
    0.43125954270362854,
    0.4311225414276123,
    0.4310101568698883,
    0.4308151304721832,
    0.43213316798210144,
    0.43213632702827454,
    0.4321962594985962
  ],
  "val_iou_coef": [
    0.18399058282375336,
    0.1867973655462265,
    0.18861399590969086,
    0.18787550926208496,
    0.1886373609304428,
    0.18962417542934418,
    0.19295574724674225,
    0.18041624128818512,
    0.17924489080905914,
    0.19749902188777924,
    0.21682246029376984,
    0.2186509370803833,
    0.22020648419857025,
    0.2271851897239685,
    0.2248949259519577,
    0.22301186621189117,
    0.22677010297775269,
    0.22606134414672852,
    0.2343343049287796,
    0.2391093522310257,
    0.24199752509593964,
    0.2427208572626114,
    0.24163396656513214,
    0.24535900354385376,
    0.24412918090820312,
    0.24581438302993774,
    0.25498825311660767,
    0.2750302851200104,
    0.2765407860279083,
    0.2780962884426117,
    0.2792861759662628,
    0.2788229286670685,
    0.27667322754859924,
    0.27467969059944153,
    0.27812445163726807,
    0.27720746397972107,
    0.27824023365974426,
    0.27969086170196533,
    0.28120607137680054,
    0.2826620042324066,
    0.2768699824810028,
    0.2778101861476898,
    0.27868685126304626,
    0.279330313205719,
    0.27984175086021423,
    0.28027498722076416,
    0.2778172492980957,
    0.2777905762195587,
    0.27777889370918274,
    0.2776443064212799,
    0.277534157037735,
    0.27735480666160583,
    0.27853402495384216,
    0.2785296142101288,
    0.27857112884521484
  ],