{
  "dice_coef": [
    0.2842635214328766,
    0.30829939246177673,
    0.3134801685810089,
    0.32198622822761536,
    0.31403401494026184,
    0.3173168897628784,
    0.3161119520664215,
    0.32124778628349304,
    0.32165148854255676,
    0.33538928627967834,
    0.3217543065547943,
    0.3412420451641083,
    0.3444385230541229,
    0.3492666184902191,
    0.3562704622745514,
    0.36332544684410095,
    0.3654104471206665,
    0.3701660931110382,
    0.37945497035980225,
    0.38233742117881775,
    0.39810729026794434,
    0.4098162353038788,
    0.40978381037712097,
    0.4256996810436249,
    0.4351210594177246,
    0.4568561017513275,
    0.4688640534877777,
    0.47924649715423584,
    0.49171915650367737,
    0.5038763284683228,
    0.5157983303070068,
    0.5291398763656616,
    0.541882336139679,
    0.5551555156707764,
    0.5671047568321228,
    0.5777058005332947,
    0.5888276696205139,
    0.5991929173469543,
    0.6054826378822327,
    0.6125473380088806,
    0.6190308332443237,
    0.6251066327095032,
    0.6307215094566345,
    0.6361512541770935,
    0.6374475955963135,
    0.6417826414108276,
    0.6452590823173523
  ],
  "iou_coef": [
    0.1673714965581894,
    0.1837237924337387,
    0.18748551607131958,
    0.1935938447713852,
    0.18793679773807526,
    0.19035053253173828,
    0.1894078254699707,
    0.19303061068058014,
    0.19328343868255615,
    0.20321236550807953,
    0.19339226186275482,
    0.2073677033185959,
    0.2098010927438736,
    0.21329869329929352,
    0.21842043101787567,
    0.22372551262378693,
    0.22518466413021088,
    0.2289925366640091,
    0.23615936934947968,
    0.23843882977962494,
    0.250631183385849,
    0.2599840760231018,
    0.259930282831192,
    0.2726667523384094,
    0.280529260635376,
    0.2987634539604187,
    0.30914562940597534,
    0.31815043091773987,
    0.3291306495666504,
    0.33993637561798096,
    0.35049140453338623,
    0.3625146448612213,
    0.3746519386768341,
    0.3872792422771454,
    0.39877209067344666,
    0.4091661274433136,
    0.4202992022037506,
    0.43078234791755676,
    0.4372623860836029,
    0.4445553719997406,
    0.4513131082057953,
    0.4576997458934784,
    0.4636562168598175,
    0.46946218609809875,
    0.470971941947937,
    0.47555646300315857,
    0.47932422161102295
  ],
  "loss": [
    1.6545974016189575,
    1.5687938928604126,
    1.5654716491699219,
    1.5495356321334839,
    1.5732665061950684,
    1.5726410150527954,
    1.565537452697754,
    1.5464485883712769,
    1.5539933443069458,
    1.515932559967041,
    1.5536247491836548,
    1.5030732154846191,
    1.4924975633621216,
    1.4841958284378052,
    1.4676246643066406,
    1.452694058418274,
    1.4491205215454102,
    1.435083270072937,
    1.4132987260818481,
    1.4085431098937988,
    1.3717617988586426,
    1.346938133239746,
    1.3496466875076294,
    1.3121752738952637,
    1.2919009923934937,
    1.2413219213485718,
    1.2139825820922852,
    1.1911903619766235,
    1.1633166074752808,
    1.1369743347167969,
    1.1114176511764526,
    1.0824121236801147,
    1.0512887239456177,
    1.0209134817123413,
    0.9960043430328369,
    0.9729424118995667,
    0.9474449157714844,
    0.9239630699157715,
    0.912569522857666,
    0.8935024738311768,
    0.878946840763092,
    0.8653174042701721,
    0.8524571061134338,
    0.8400125503540039,
    0.8371617794036865,
    0.8247658610343933,
    0.8169198632240295
  ],
  "val_dice_coef": [
    0.30788612365722656,
    0.31226471066474915,
    0.3154310882091522,
    0.2793007791042328,
    0.2994529902935028,
    0.30758872628211975,
    0.31580767035484314,
    0.31259968876838684,
    0.31934115290641785,
    0.33814477920532227,
    0.32179293036460876,
    0.35421159863471985,
    0.3463979959487915,
    0.3508108854293823,
    0.3613557517528534,
    0.3646754324436188,
    0.36433085799217224,
    0.3728768527507782,
    0.38128840923309326,
    0.3813180923461914,
    0.36408743262290955,
    0.38401350378990173,
    0.3938169777393341,
    0.4094083309173584,
    0.40600350499153137,
    0.4109868109226227,
    0.41456806659698486,
    0.4210156202316284,
    0.42101916670799255,
    0.4211518466472626,
    0.4307287633419037,
    0.4338529109954834,
    0.42725563049316406,
    0.42912694811820984,
    0.42317354679107666,
    0.4195357859134674,
    0.42160847783088684,
    0.4192645251750946,
    0.4250011444091797,
    0.42386433482170105,
    0.42345765233039856,
    0.42368629574775696,
    0.42320573329925537,
    0.4225638210773468,
    0.41910919547080994,
    0.4154089391231537,
    0.4134671986103058
  ],
  "val_iou_coef": [
    0.1849585771560669,
    0.1880580633878708,
    0.1905297040939331,
    0.1637945920228958,
    0.17837995290756226,
    0.18406860530376434,
    0.19061852991580963,
    0.18773721158504486,
    0.19318978488445282,
    0.20605792105197906,
    0.19494809210300446,
    0.21786551177501678,
    0.21215848624706268,
    0.21539312601089478,
    0.2232484668493271,
    0.2258996218442917,
    0.2256074696779251,
    0.2322453409433365,
    0.2386399358510971,
    0.2385493963956833,
    0.22472405433654785,
    0.24012237787246704,
    0.24795572459697723,
    0.2605995833873749,
    0.25764521956443787,
    0.2617188096046448,
    0.2646651566028595,
    0.2698909342288971,
    0.2698001563549042,
    0.27000781893730164,
    0.2782224118709564,
    0.2806655466556549,
    0.2749290466308594,
    0.2761230766773224,
    0.2710248529911041,
    0.2679331302642822,
    0.2696252465248108,
    0.26766732335090637,
    0.27247872948646545,
    0.2715473175048828,
    0.2711871266365051,
    0.2713036835193634,
    0.2708427309989929,
    0.27025434374809265,
    0.26712897419929504,
    0.2639782726764679,
    0.26233240962028503
  ],
  "val_loss": [
    1.6158020496368408,
    1.6178274154663086,
    1.6175501346588135,
    1.6879549026489258,
    1.624199628829956,
    1.6163088083267212,
    1.6077051162719727,
    1.5902807712554932,
    1.6027581691741943,
    1.5647680759429932,
    1.5954755544662476,
    1.5409455299377441,
    1.5753909349441528,
    1.5655382871627808,
    1.5297386646270752,
    1.5244951248168945,
    1.5329076051712036,
    1.4892075061798096,
    1.453812599182129,
    1.4825127124786377,
    1.5584113597869873,
    1.521127700805664,
    1.4806689023971558,
    1.4672231674194336,
    1.4730929136276245,
    1.4502729177474976,
    1.4682929515838623,
    1.4853999614715576,
    1.5136563777923584,
    1.5151944160461426,
    1.4877058267593384,
    1.5049837827682495,
    1.5606398582458496,
    1.6077390909194946,
    1.6541658639907837,
    1.6918294429779053,
    1.7170969247817993,
    1.7459989786148071,
    1.7155630588531494,
    1.7375425100326538,
    1.755480408668518,
    1.7707067728042603,
    1.7901674509048462,
    1.810850739479065,
    1.8398038148880005,
    1.8727627992630005,
    1.8938122987747192
  ],