{
  "dice_coef": [
    0.24272467195987701,
    0.2668878436088562,
    0.26896777749061584,
    0.27063077688217163,
    0.2700487971305847,
    0.2711019217967987,
    0.2717377543449402,
    0.2725614011287689,
    0.27222365140914917,
    0.26908525824546814,
    0.26982542872428894,
    0.2740420401096344,
    0.2731974422931671,
    0.2741614878177643,
    0.2765033543109894,
    0.2771013677120209,
    0.27911093831062317,
    0.2778990566730499,
    0.28039106726646423,
    0.2842806577682495,
    0.2850419580936432,
    0.28838101029396057,
    0.2911790907382965,
    0.2939862012863159,
    0.297451376914978,
    0.29962000250816345,
    0.30299124121665955,
    0.30463698506355286,
    0.3081797659397125,
    0.3168350160121918,
    0.32276108860969543,
    0.3286234736442566,
    0.33671891689300537,
    0.3792189359664917,
    0.3922863006591797,
    0.4022275507450104,
    0.4263491928577423,
    0.44623255729675293,
    0.46059033274650574,
    0.4810319244861603,
    0.5103467702865601,
    0.5325194001197815,
    0.5569857954978943,
    0.5853161215782166,
    0.6147773861885071,
    0.6427150964736938,
    0.6617128849029541,
    0.6757602691650391,
    0.6934401988983154,
    0.7067263722419739,
    0.7182021737098694,
    0.7255021929740906,
    0.7350195050239563,
    0.745063841342926
  ],
  "iou_coef": [
    0.13941971957683563,
    0.15531234443187714,
    0.15670974552631378,
    0.15780644118785858,
    0.15741680562496185,
    0.15814600884914398,
    0.15858016908168793,
    0.1591564267873764,
    0.15893656015396118,
    0.1568823754787445,
    0.1572711020708084,
    0.16016216576099396,
    0.15958155691623688,
    0.16018082201480865,
    0.16174191236495972,
    0.1620856076478958,
    0.1635076403617859,
    0.16274993121623993,
    0.16432614624500275,
    0.16694968938827515,
    0.16751234233379364,
    0.16970419883728027,
    0.17162509262561798,
    0.1736076921224594,
    0.17601577937602997,
    0.1775154322385788,
    0.1798975020647049,
    0.18106631934642792,
    0.1834958791732788,
    0.18965591490268707,
    0.19396720826625824,
    0.19822996854782104,
    0.20405720174312592,
    0.23636607825756073,
    0.24676741659641266,
    0.25430235266685486,
    0.27386602759361267,
    0.290322482585907,
    0.3027496933937073,
    0.32079750299453735,
    0.34652796387672424,
    0.36693164706230164,
    0.39035484194755554,
    0.4183843433856964,
    0.44853365421295166,
    0.4782041013240814,
    0.49875155091285706,
    0.5145174860954285,
    0.5349264740943909,
    0.5506479144096375,
    0.5644189119338989,
    0.5731572508811951,
    0.5849449038505554,
    0.5972549319267273
  ],
  "loss": [
    1.6299482583999634,
    1.5503172874450684,
    1.5442663431167603,
    1.5403003692626953,
    1.5393253564834595,
    1.5368586778640747,
    1.5355968475341797,
    1.5348156690597534,
    1.5361708402633667,
    1.551218032836914,
    1.538415789604187,
    1.5334254503250122,
    1.5346328020095825,
    1.5291213989257812,
    1.5257052183151245,
    1.5206636190414429,
    1.5147432088851929,
    1.533581256866455,
    1.509548306465149,
    1.494411826133728,
    1.4957332611083984,
    1.479859709739685,
    1.4737061262130737,
    1.4638475179672241,
    1.458508849143982,
    1.4550342559814453,
    1.4440590143203735,
    1.4424327611923218,
    1.4335641860961914,
    1.411977767944336,
    1.3984907865524292,
    1.3865960836410522,
    1.3659944534301758,
    1.3040000200271606,
    1.2929435968399048,
    1.263492465019226,
    1.2141025066375732,
    1.1746468544006348,
    1.146294116973877,
    1.1037808656692505,
    1.0356221199035645,
    0.992691695690155,
    0.9408925175666809,
    0.8815019726753235,
    0.8208041191101074,
    0.7641592621803284,
    0.7233485579490662,
    0.6938700079917908,
    0.658150851726532,
    0.6319825053215027,
    0.6083531975746155,
    0.5932193994522095,
    0.5686983466148376,
    0.5488552451133728
  ],
  "val_dice_coef": [
    0.25997939705848694,
    0.2619836628437042,
    0.2639528810977936,
    0.2664532959461212,
    0.2668154239654541,
    0.2681465446949005,
    0.2687552273273468,
    0.26942163705825806,
    0.26945140957832336,
    0.2617509067058563,
    0.27150583267211914,
    0.27113959193229675,
    0.2691974937915802,
    0.2747408151626587,
    0.27818986773490906,
    0.27161267399787903,
    0.27087947726249695,
    0.2704237997531891,
    0.2866400182247162,
    0.28677746653556824,
    0.292687326669693,
    0.2917148470878601,
    0.2910163402557373,
    0.2952573299407959,
    0.2963685393333435,
    0.29426702857017517,
    0.29964137077331543,
    0.2994077205657959,
    0.30415651202201843,
    0.3092021048069,
    0.30901071429252625,
    0.3152444362640381,
    0.32172679901123047,
    0.3723127543926239,
    0.35066816210746765,
    0.3689987361431122,
    0.3761693239212036,
    0.3717702627182007,
    0.3882695436477661,
    0.3806781470775604,
    0.3570554256439209,
    0.357734352350235,
    0.35994240641593933,
    0.36873623728752136,
    0.3659484386444092,
    0.3699876070022583,
    0.3261033296585083,
    0.33095383644104004,
    0.3373267650604248,
    0.33926138281822205,
    0.3403032124042511,
    0.3298282325267792,
    0.3243067264556885,
    0.3236711621284485
  ],
  "val_iou_coef": [
    0.15075379610061646,
    0.15207262337207794,
    0.15336990356445312,
    0.1550796777009964,
    0.15528790652751923,
    0.1562025099992752,
    0.15662772953510284,
    0.15709111094474792,
    0.15712745487689972,
    0.15205834805965424,
    0.158425435423851,
    0.1582561880350113,
    0.1569470763206482,
    0.1605643779039383,
    0.16288934648036957,
    0.15856756269931793,
    0.15809103846549988,
    0.15778182446956635,
    0.1685963273048401,
    0.168717622756958,
    0.17275385558605194,
    0.17217528820037842,
    0.17158740758895874,
    0.17462117969989777,
    0.17536483705043793,
    0.1739029884338379,
    0.1776493340730667,
    0.1777963638305664,
    0.18095450103282928,
    0.18470604717731476,
    0.184552863240242,
    0.1889462023973465,
    0.19371120631694794,
    0.23183250427246094,
    0.21525323390960693,
    0.22896872460842133,
    0.23430657386779785,
    0.23044759035110474,
    0.24289776384830475,
    0.23654724657535553,
    0.21878458559513092,
    0.21942603588104248,
    0.2212531417608261,
    0.2280399650335312,
    0.22600774466991425,
    0.22933447360992432,
    0.19815875589847565,
    0.20165741443634033,
    0.2066236138343811,
    0.20838695764541626,
    0.20936453342437744,
    0.20182354748249054,
    0.19747509062290192,
    0.1969262808561325
  ],
  "val_loss": [
    1.596901535987854,
    1.595819354057312,
    1.5944433212280273,
    1.597105622291565,
    1.5904146432876587,
    1.590869665145874,
    1.5914583206176758,
    1.59433114528656,
    1.587432861328125,
    1.5956170558929443,
    1.5580769777297974,
    1.593444585800171,
    1.5805546045303345,
    1.5382763147354126,
    1.5223779678344727,
    1.5883584022521973,
    1.5855528116226196,
    1.5838110446929932,
    1.4993245601654053,
    1.5008307695388794,
    1.4907913208007812,
    1.4875295162200928,
    1.4861335754394531,
    1.4822548627853394,
    1.4739316701889038,
    1.4762499332427979,
    1.4696625471115112,
    1.481113314628601,
    1.4548311233520508,
    1.4622361660003662,
    1.4706465005874634,
    1.4611259698867798,
    1.4370965957641602,
    1.3887056112289429,
    1.432015299797058,
    1.4338151216506958,
    1.4620509147644043,
    1.5031349658966064,
    1.5148252248764038,
    1.5756686925888062,
    1.7249501943588257,
    1.7761198282241821,
    1.8403542041778564,
    1.9067206382751465,
    2.018130302429199,
    2.048445463180542,
    2.214012861251831,
    2.253519058227539,
    2.266662359237671,
    2.2769458293914795,
    2.3076908588409424,
    2.3869082927703857,
    2.3914096355438232,
    2.440685987472534
  ],