{
  "dice_coef": [
    0.2788635194301605,
    0.3027523159980774,
    0.30602848529815674,
    0.3094870150089264,
    0.31322547793388367,
    0.31191810965538025,
    0.3165021538734436,
    0.32190725207328796,
    0.32120516896247864,
    0.3174288272857666,
    0.3336266279220581,
    0.34055212140083313,
    0.33811748027801514,
    0.34929120540618896,
    0.3555273115634918,
    0.3582792282104492,
    0.36346176266670227,
    0.37064239382743835,
    0.3795787990093231,
    0.3893286883831024,
    0.403105229139328,
    0.4133882522583008,
    0.41803017258644104,
    0.43231597542762756,
    0.4382435381412506,
    0.46003174781799316,
    0.4809897243976593,
    0.4929518401622772,
    0.5072731375694275,
    0.523101806640625,
    0.537773072719574,
    0.5480438470840454,
    0.5604112148284912,
    0.5714931488037109,
    0.5832343697547913,
    0.594729483127594,
    0.6059826612472534,
    0.6053599715232849,
    0.6077824234962463,
    0.6130427122116089,
    0.6205621957778931,
    0.6280470490455627,
    0.6350147128105164,
    0.6405790448188782,
    0.6451267600059509
  ],
  "iou_coef": [
    0.16373734176158905,
    0.17981134355068207,
    0.18206530809402466,
    0.18453800678253174,
    0.18726597726345062,
    0.18625687062740326,
    0.18949894607067108,
    0.193364217877388,
    0.19285744428634644,
    0.19020110368728638,
    0.2017575055360794,
    0.2067246437072754,
    0.20501922070980072,
    0.21311311423778534,
    0.21770203113555908,
    0.21984827518463135,
    0.22371172904968262,
    0.22913908958435059,
    0.23597459495067596,
    0.24356015026569366,
    0.2543971836566925,
    0.26259738206863403,
    0.2663525640964508,
    0.27791890501976013,
    0.28301164507865906,
    0.30144110321998596,
    0.319394052028656,
    0.32991278171539307,
    0.3427934944629669,
    0.35720667243003845,
    0.3708706200122833,
    0.3806692659854889,
    0.3924696445465088,
    0.4032028913497925,
    0.41478538513183594,
    0.4263192415237427,
    0.43780896067619324,
    0.43743929266929626,
    0.44005367159843445,
    0.4455430209636688,
    0.4533855617046356,
    0.4612731635570526,
    0.46870148181915283,
    0.47452840209007263,
    0.47946634888648987
  ],
  "loss": [
    1.6587858200073242,
    1.5760793685913086,
    1.5650728940963745,
    1.5615196228027344,
    1.5504895448684692,
    1.5579633712768555,
    1.5482763051986694,
    1.534212589263916,
    1.534950613975525,
    1.5491070747375488,
    1.5008262395858765,
    1.4878205060958862,
    1.4975414276123047,
    1.469315528869629,
    1.4553302526474,
    1.449055790901184,
    1.437193512916565,
    1.4215766191482544,
    1.400992751121521,
    1.3799246549606323,
    1.3498916625976562,
    1.3266843557357788,
    1.3208314180374146,
    1.2881536483764648,
    1.2743995189666748,
    1.2199474573135376,
    1.1783274412155151,
    1.152432918548584,
    1.1211284399032593,
    1.086477279663086,
    1.0544203519821167,
    1.0294723510742188,
    1.001785397529602,
    0.9774701595306396,
    0.9510605335235596,
    0.925464928150177,
    0.9007976651191711,
    0.9013192057609558,
    0.8971526026725769,
    0.884571373462677,
    0.8662682175636292,
    0.8488019108772278,
    0.8329737782478333,
    0.817088782787323,
    0.8086998462677002
  ],
  "val_dice_coef": [
    0.30033189058303833,
    0.30586865544319153,
    0.2969970703125,
    0.3067508637905121,
    0.318995863199234,
    0.29753389954566956,
    0.30125245451927185,
    0.30698657035827637,
    0.3195553719997406,
    0.318007230758667,
    0.3361106812953949,
    0.3403436839580536,
    0.3429906666278839,
    0.3516228497028351,
    0.35216760635375977,
    0.35702550411224365,
    0.35866740345954895,
    0.3579639494419098,
    0.3652503788471222,
    0.36929479241371155,
    0.3781326711177826,
    0.37818899750709534,
    0.37437304854393005,
    0.3689678907394409,
    0.3535288870334625,
    0.4153813123703003,
    0.4157106578350067,
    0.41763198375701904,
    0.41642820835113525,
    0.42220473289489746,
    0.4194053113460541,
    0.42185378074645996,
    0.41776958107948303,
    0.41507863998413086,
    0.40859314799308777,
    0.40150952339172363,
    0.3961259424686432,
    0.40221115946769714,
    0.40894630551338196,
    0.41040554642677307,
    0.410160094499588,
    0.4094906747341156,
    0.40907004475593567,
    0.4036935865879059,
    0.404020756483078
  ],
  "val_iou_coef": [
    0.1798577904701233,
    0.18345044553279877,
    0.17680390179157257,
    0.1838778406381607,
    0.19246916472911835,
    0.17692141234874725,
    0.1794075220823288,
    0.18341989815235138,
    0.1923656314611435,
    0.1918632835149765,
    0.2046622633934021,
    0.20761190354824066,
    0.20962826907634735,
    0.2160852998495102,
    0.21643061935901642,
    0.21997202932834625,
    0.22120846807956696,
    0.2206743210554123,
    0.22634583711624146,
    0.22920799255371094,
    0.23578929901123047,
    0.2356777787208557,
    0.2331020087003708,
    0.22874857485294342,
    0.21689587831497192,
    0.26554253697395325,
    0.2657020092010498,
    0.26720407605171204,
    0.2661866247653961,
    0.27106061577796936,
    0.2690737545490265,
    0.2709989845752716,
    0.26763734221458435,
    0.26548323035240173,
    0.26020804047584534,
    0.25447431206703186,
    0.2501165568828583,
    0.2550384998321533,
    0.26080071926116943,
    0.26198500394821167,
    0.2617361545562744,
    0.26116660237312317,
    0.2607937753200531,
    0.25589480996131897,
    0.25616738200187683
  ],
  "val_loss": [
    1.6295051574707031,
    1.6161880493164062,
    1.6158534288406372,
    1.6040760278701782,
    1.5659589767456055,
    1.6078020334243774,
    1.602174997329712,
    1.6001414060592651,
    1.5982426404953003,
    1.5878746509552002,
    1.5392327308654785,
    1.5572558641433716,
    1.5292441844940186,
    1.5139070749282837,
    1.5290474891662598,
    1.5217022895812988,
    1.5217803716659546,
    1.4934812784194946,
    1.4579182863235474,
    1.4596872329711914,
    1.4833124876022339,
    1.4784454107284546,
    1.4784815311431885,
    1.5207841396331787,
    1.5856069326400757,
    1.4644368886947632,
    1.5020227432250977,
    1.5301644802093506,
    1.5571365356445312,
    1.560587763786316,
    1.5518410205841064,
    1.5697617530822754,
    1.6099679470062256,
    1.6460481882095337,
    1.6988840103149414,
    1.7652333974838257,
    1.8185462951660156,
    1.7839502096176147,
    1.7528388500213623,
    1.7583718299865723,
    1.7790991067886353,
    1.8064144849777222,
    1.8319528102874756,
    1.908241629600525,
    1.9189505577087402
  ],
  "learning_rate": [
    9.999999747378752e-05,
    9.999999747378752e-05,
    9.999999747378752e-05,
    9.999999747378752e-05,
    9.999999747378752e-05,
    9.999999747378752e-05,
    9.999999747378752e-05,
    9.999999747378752e-05,
    9.999999747378752e-05,
    9.999999747378752e-05,
    9.999999747378752e-05,
    9.999999747378752e-05,
    9.999999747378752e-05,
    9.999999747378752e-05,
    9.999999747378752e-05,
    9.999999747378752e-05,
    9.999999747378752e-05,
    9.999999747378752e-05,
    9.999999747378752e-05,
    9.999999747378752e-05,
    9.999999747378752e-05,
    9.999999747378752e-05,
    9.999999747378752e-05,
    9.999999747378752e-05,
    9.999999747378752e-05,
    4.999999873689376e-05,
    4.999999873689376e-05,
    4.999999873689376e-05,
    4.999999873689376e-05,
    4.999999873689376e-05,
    4.999999873689376e-05,
    2.499999936844688e-05,
    2.499999936844688e-05,
    2.499999936844688e-05,
    2.499999936844688e-05,
    2.499999936844688e-05,
    2.499999936844688e-05,
    1.249999968422344e-05,
    1.249999968422344e-05,
    1.249999968422344e-05,
    1.249999968422344e-05,
    1.249999968422344e-05,
    1.249999968422344e-05,
    6.24999984211172e-06,
    6.24999984211172e-06
  ]
}