{
  "dice_coef": [
    0.13728435337543488,
    0.16071996092796326,
    0.1636034995317459,
    0.16407392919063568,
    0.16442729532718658,
    0.16489893198013306,
    0.16524064540863037,
    0.16560868918895721,
    0.16591085493564606,
    0.16675187647342682,
    0.16848546266555786,
    0.1703011691570282,
    0.17467103898525238,
    0.18888123333454132,
    0.20657159388065338,
    0.22527217864990234,
    0.2468491941690445,
    0.2613198459148407,
    0.27408432960510254,
    0.2855903208255768,
    0.30263596773147583,
    0.32092660665512085,
    0.3412364721298218,
    0.3618580400943756,
    0.3858693540096283,
    0.4029262959957123,
    0.4207916557788849,
    0.44090598821640015,
    0.4895111620426178,
    0.5416278839111328,
    0.5925438404083252,
    0.6054837703704834,
    0.6533137559890747,
    0.685750424861908,
    0.7063241004943848,
    0.7532368302345276,
    0.7820719480514526,
    0.7845341563224792,
    0.7717761397361755,
    0.7867404222488403,
    0.8249541521072388,
    0.8634827136993408,
    0.8864873051643372,
    0.9009345769882202,
    0.9107994437217712,
    0.920333206653595,
    0.9274622797966003,
    0.9279178380966187,
    0.9335431456565857,
    0.937957227230072,
    0.9407405257225037,
    0.942297637462616,
    0.9441714286804199,
    0.9384265542030334,
    0.9428343176841736,
    0.94898921251297,
    0.9533145427703857,
    0.9562179446220398,
    0.958379864692688,
    0.9588361382484436,
    0.9599810242652893,
    0.9610813856124878,
    0.9621227979660034,
    0.9630836248397827,
    0.9639872312545776,
    0.9641168117523193,
    0.9647536873817444,
    0.9653930068016052,
    0.9659403562545776,
    0.9664326310157776,
    0.966895341873169,
    0.9670430421829224,
    0.9674217104911804,
    0.9677040576934814,
    0.9679632782936096,
    0.9682109355926514
  ],
  "iou_coef": [
    0.07476042211055756,
    0.08851746469736099,
    0.0902632400393486,
    0.09055014699697495,
    0.09076429903507233,
    0.09105029702186584,
    0.09126075357198715,
    0.09148526936769485,
    0.09166974574327469,
    0.0921768844127655,
    0.09320354461669922,
    0.09433574974536896,
    0.09697308391332626,
    0.10580258816480637,
    0.1169172003865242,
    0.12912245094776154,
    0.1434852033853531,
    0.15330547094345093,
    0.1619328260421753,
    0.17000967264175415,
    0.18218295276165009,
    0.19544659554958344,
    0.2104589343070984,
    0.2258872389793396,
    0.2446460723876953,
    0.2583085894584656,
    0.27351051568984985,
    0.29002809524536133,
    0.3330293893814087,
    0.38066819310188293,
    0.43117260932922363,
    0.44603613018989563,
    0.4951038360595703,
    0.5318588614463806,
    0.5558068156242371,
    0.6123448014259338,
    0.649459958076477,
    0.6523352265357971,
    0.6360020637512207,
    0.6576911211013794,
    0.7064893245697021,
    0.7625504732131958,
    0.7979702949523926,
    0.821234405040741,
    0.8376197814941406,
    0.853439450263977,
    0.8655750155448914,
    0.8665311336517334,
    0.8761021494865417,
    0.8837027549743652,
    0.8885995149612427,
    0.891366183757782,
    0.8947253823280334,
    0.884649932384491,
    0.8924710154533386,
    0.9033405184745789,
    0.9110884666442871,
    0.9163462519645691,
    0.9202888011932373,
    0.921129584312439,
    0.9232315421104431,
    0.925255298614502,
    0.927173376083374,
    0.9289485216140747,
    0.9306197762489319,
    0.9308480024337769,
    0.9320304989814758,
    0.9332196712493896,
    0.9342395663261414,
    0.9351575374603271,
    0.9360225200653076,
    0.9362967014312744,
    0.9370048642158508,
    0.9375329613685608,
    0.938017725944519,
    0.9384821653366089
  ],
  "loss": [
    1.5499941110610962,
    1.4437578916549683,
    1.43295156955719,
    1.430077314376831,
    1.4277923107147217,
    1.4260354042053223,
    1.4246795177459717,
    1.4237054586410522,
    1.4228127002716064,
    1.421581506729126,
    1.4176703691482544,
    1.4222033023834229,
    1.4029861688613892,
    1.3768763542175293,
    1.3473916053771973,
    1.3245810270309448,
    1.2948609590530396,
    1.268218994140625,
    1.243964672088623,
    1.2245954275131226,
    1.1954251527786255,
    1.163292407989502,
    1.1282061338424683,
    1.0922030210494995,
    1.054044246673584,
    1.0292448997497559,
    1.0009173154830933,
    0.9666785001754761,
    0.8853544592857361,
    0.7952712774276733,
    0.7123849391937256,
    0.6941234469413757,
    0.6130226850509644,
    0.5596622824668884,
    0.5250830054283142,
    0.4407442808151245,
    0.39061474800109863,
    0.39048054814338684,
    0.41798916459083557,
    0.3812749981880188,
    0.31451764702796936,
    0.24475309252738953,
    0.20388348400592804,
    0.17849667370319366,
    0.1609063744544983,
    0.14352856576442719,
    0.12944287061691284,
    0.1279149204492569,
    0.11735907196998596,
    0.10986100882291794,
    0.10481858998537064,
    0.10184948891401291,
    0.09820106625556946,
    0.10992284119129181,
    0.09994345158338547,
    0.08822399377822876,
    0.08050406724214554,
    0.07557062059640884,
    0.0719049870967865,
    0.07139556109905243,
    0.06934627890586853,
    0.06741345673799515,
    0.06561551988124847,
    0.0639585629105568,
    0.06239700689911842,
    0.06212928146123886,
    0.06099504977464676,
    0.05989101529121399,
    0.05892947316169739,
    0.058074697852134705,
    0.05727085471153259,
    0.056935105472803116,
    0.056408803910017014,
    0.0559009350836277,
    0.05543844401836395,
    0.05500026419758797
  ],
  "val_dice_coef": [
    0.16514994204044342,
    0.19512416422367096,
    0.19619418680667877,
    0.1970616728067398,
    0.19577495753765106,
    0.19703014194965363,
    0.19748744368553162,
    0.19866876304149628,
    0.1982651650905609,
    0.19668614864349365,
    0.1998530775308609,
    0.20154421031475067,
    0.2115505039691925,
    0.22528983652591705,
    0.26071879267692566,
    0.2901488244533539,
    0.30273008346557617,
    0.28510844707489014,
    0.3160023093223572,
    0.33181238174438477,
    0.3423132300376892,
    0.38070330023765564,
    0.3970065414905548,
    0.394785612821579,
    0.40231379866600037,
    0.4383277893066406,
    0.4270409047603607,
    0.46105074882507324,
    0.4642994701862335,
    0.5371274352073669,
    0.539769172668457,
    0.5201826691627502,
    0.5525650382041931,
    0.635895311832428,
    0.5692251920700073,
    0.5492712259292603,
    0.5784282088279724,
    0.6631882786750793,
    0.6313028931617737,
    0.612834095954895,
    0.7454560399055481,
    0.7480385899543762,
    0.7480645775794983,
    0.7627161741256714,
    0.754671573638916,
    0.7550585865974426,
    0.7763289213180542,
    0.7435168027877808,
    0.7487321496009827,
    0.7619938254356384,
    0.7792380452156067,
    0.7821229696273804,
    0.7856978178024292,
    0.7847708463668823,
    0.7885017395019531,
    0.7876839637756348,
    0.7896265387535095,
    0.7897747159004211,
    0.7917147874832153,
    0.7926204800605774,
    0.7936556935310364,
    0.7933141589164734,
    0.7934961318969727,
    0.7931525111198425,
    0.7934485673904419,
    0.7897404432296753,
    0.788182258605957,
    0.7884049415588379,
    0.7882994413375854,
    0.7886250615119934,
    0.7887744903564453,
    0.7882164120674133,
    0.7885002493858337,
    0.7887386679649353,
    0.7889717221260071,
    0.789188802242279
  ],