{
  "dice_coef": [
    0.13233782351016998,
    0.15297292172908783,
    0.16024626791477203,
    0.1608896106481552,
    0.16116531193256378,
    0.16166476905345917,
    0.16192004084587097,
    0.16224725544452667,
    0.16239772737026215,
    0.162839874625206,
    0.16307629644870758,
    0.1630920022726059,
    0.16372472047805786,
    0.16366185247898102,
    0.16444242000579834,
    0.16505886614322662,
    0.1657923012971878,
    0.16592729091644287,
    0.16660170257091522,
    0.1653381884098053,
    0.1675286740064621,
    0.16839981079101562,
    0.17239771783351898,
    0.1795514076948166,
    0.1914309412240982,
    0.19719158113002777,
    0.20751358568668365,
    0.20587611198425293,
    0.214540496468544,
    0.22582562267780304,
    0.24317114055156708,
    0.25617343187332153,
    0.2684171497821808,
    0.2743765711784363,
    0.2861354351043701,
    0.2963715195655823,
    0.31215882301330566,
    0.3386085033416748,
    0.3620927631855011,
    0.38254857063293457,
    0.40229782462120056,
    0.4220828711986542,
    0.44222524762153625,
    0.4586637318134308,
    0.4746718406677246,
    0.4898449182510376,
    0.5057831406593323,
    0.5208786129951477,
    0.5351164937019348,
    0.544535219669342,
    0.552457869052887,
    0.5626567602157593,
    0.5721198916435242,
    0.5813087821006775,
    0.5904432535171509
  ],
  "iou_coef": [
    0.07185176759958267,
    0.08404466509819031,
    0.08835753798484802,
    0.0887734517455101,
    0.0889362320303917,
    0.08924070745706558,
    0.08939460664987564,
    0.08959582448005676,
    0.08968240767717361,
    0.08995974808931351,
    0.09010130912065506,
    0.09010957926511765,
    0.09050482511520386,
    0.09046163409948349,
    0.09095095843076706,
    0.09133612364530563,
    0.09180009365081787,
    0.09187907725572586,
    0.09232655167579651,
    0.09148666262626648,
    0.09294215589761734,
    0.09342972189188004,
    0.09588133543729782,
    0.10035873204469681,
    0.10789328068494797,
    0.11140938848257065,
    0.11816448718309402,
    0.11693134158849716,
    0.12244158238172531,
    0.12994015216827393,
    0.1415741890668869,
    0.1503363400697708,
    0.15878081321716309,
    0.1629752814769745,
    0.1714918464422226,
    0.17908607423305511,
    0.1904761791229248,
    0.20967720448970795,
    0.22787298262119293,
    0.24404729902744293,
    0.26005157828330994,
    0.27641743421554565,
    0.29344442486763,
    0.3077613413333893,
    0.3219014108181,
    0.33555424213409424,
    0.35012879967689514,
    0.36418092250823975,
    0.3776133358478546,
    0.3861291706562042,
    0.3938259184360504,
    0.40373694896698,
    0.4130498170852661,
    0.42218896746635437,
    0.43136295676231384
  ],
  "loss": [
    1.5651108026504517,
    1.4514573812484741,
    1.4289416074752808,
    1.4252800941467285,
    1.4235725402832031,
    1.421492099761963,
    1.4199069738388062,
    1.4186500310897827,
    1.4176092147827148,
    1.4165221452713013,
    1.4160231351852417,
    1.415544033050537,
    1.4151840209960938,
    1.414453387260437,
    1.4125102758407593,
    1.411518931388855,
    1.411787986755371,
    1.4096442461013794,
    1.408939003944397,
    1.4113140106201172,
    1.406712532043457,
    1.405023217201233,
    1.394077181816101,
    1.3803348541259766,
    1.3604340553283691,
    1.3485349416732788,
    1.3326613903045654,
    1.3423322439193726,
    1.314220666885376,
    1.2987555265426636,
    1.2796121835708618,
    1.2577718496322632,
    1.242268443107605,
    1.2339726686477661,
    1.2131956815719604,
    1.19814932346344,
    1.1685692071914673,
    1.1191480159759521,
    1.0800786018371582,
    1.0489407777786255,
    1.0168460607528687,
    0.9843254685401917,
    0.9516934752464294,
    0.9239301681518555,
    0.8959475159645081,
    0.8711087107658386,
    0.8443910479545593,
    0.8193199038505554,
    0.7958728671073914,
    0.7783379554748535,
    0.7656118273735046,
    0.7486888766288757,
    0.7331619262695312,
    0.7182558178901672,
    0.7033830285072327
  ],
  "val_dice_coef": [
    0.13165713846683502,
    0.16494238376617432,
    0.1637042611837387,
    0.16455693542957306,
    0.16532649099826813,
    0.1650160253047943,
    0.16566573083400726,
    0.16682273149490356,
    0.16762542724609375,
    0.16777269542217255,
    0.16967298090457916,
    0.16725631058216095,
    0.17094404995441437,
    0.16760782897472382,
    0.16803012788295746,
    0.16991038620471954,
    0.16725687682628632,
    0.17047445476055145,
    0.16355612874031067,
    0.16980107128620148,
    0.16792960464954376,
    0.17371182143688202,
    0.17808158695697784,
    0.19580793380737305,
    0.19128112494945526,
    0.2131168395280838,
    0.22948332130908966,
    0.2265964299440384,
    0.23396968841552734,
    0.24777483940124512,
    0.25685349106788635,
    0.25906747579574585,
    0.2564413845539093,
    0.2610017657279968,
    0.264363557100296,
    0.2800205945968628,
    0.27132460474967957,
    0.2900881767272949,
    0.3025694787502289,
    0.30537718534469604,
    0.2988196909427643,
    0.29499056935310364,
    0.29587918519973755,
    0.27652570605278015,
    0.2696554660797119,
    0.26801422238349915,
    0.2686131000518799,
    0.2700972855091095,
    0.27158883213996887,
    0.2928224802017212,
    0.29659736156463623,
    0.29795846343040466,
    0.2980200946331024,
    0.2969907522201538,
    0.29546481370925903
  ],
  "val_iou_coef": [
    0.0709095299243927,
    0.09054557234048843,
    0.08978157490491867,
    0.09029552340507507,
    0.09076731652021408,
    0.09057840704917908,
    0.09098687022924423,
    0.0916944369673729,
    0.09219757467508316,
    0.09228885918855667,
    0.0934583842754364,
    0.09199699759483337,
    0.09424656629562378,
    0.09219399094581604,
    0.09243642538785934,
    0.09359925985336304,
    0.09194006770849228,
    0.09393420070409775,
    0.08969152718782425,
    0.09352714568376541,
    0.09235403686761856,
    0.09587200731039047,
    0.09849520772695541,
    0.10944638401269913,
    0.1067860946059227,
    0.12019311636686325,
    0.13065268099308014,
    0.12909488379955292,
    0.13396061956882477,
    0.14306552708148956,
    0.14928479492664337,
    0.15123464167118073,
    0.15048067271709442,
    0.15399791300296783,
    0.15688280761241913,
    0.16822172701358795,
    0.16362565755844116,
    0.1752818077802658,
    0.1844434291124344,
    0.187236025929451,
    0.18370036780834198,
    0.18216055631637573,
    0.1836065798997879,
    0.17146360874176025,
    0.16703562438488007,
    0.16601316630840302,
    0.1665608286857605,
    0.16752992570400238,
    0.1686229556798935,
    0.18265829980373383,
    0.18517138063907623,
    0.1861366182565689,
    0.18625928461551666,
    0.18571893870830536,
    0.1848648339509964
  ],