{
  "dice_coef": [
    0.15904222428798676,
    0.15851828455924988,
    0.1671324074268341,
    0.16807147860527039,
    0.16863524913787842,
    0.16901695728302002,
    0.16945941746234894,
    0.16975590586662292,
    0.16997955739498138,
    0.1701914221048355
  ],
  "iou_coef": [
    0.08804634213447571,
    0.08753842115402222,
    0.09265003353357315,
    0.09320481866598129,
    0.09355181455612183,
    0.0937805324792862,
    0.09405668824911118,
    0.0942334309220314,
    0.09436839818954468,
    0.09450016915798187
  ],
  "loss": [
    1.595893144607544,
    1.5525151491165161,
    1.521081805229187,
    1.5178563594818115,
    1.516171932220459,
    1.5152424573898315,
    1.513948917388916,
    1.512784719467163,
    1.5117770433425903,
    1.510941982269287
  ],
  "val_dice_coef": [
    0.12093184888362885,
    0.1568383425474167,
    0.15927079319953918,
    0.1609443724155426,
    0.16183479130268097,
    0.16309358179569244,
    0.1630920022726059,
    0.1638045310974121,
    0.16442127525806427,
    0.16459691524505615
  ],
  "val_iou_coef": [
    0.06514755636453629,
    0.0861663669347763,
    0.08761730045080185,
    0.08862923085689545,
    0.08915115147829056,
    0.0899113193154335,
    0.0898941159248352,
    0.09032724052667618,
    0.09070348739624023,
    0.09080689400434494
  ],
  "val_loss": [
    1.5519258975982666,
    1.3888036012649536,
    1.3835252523422241,
    1.3797253370285034,
    1.3764530420303345,
    1.3743292093276978,
    1.3726167678833008,
    1.3716284036636353,
    1.3708570003509521,
    1.3701292276382446
  ],
  "learning_rate": [
    9.999999747378752e-05,
    9.999999747378752e-05,
    9.999999747378752e-05,
    9.999999747378752e-05,
    9.999999747378752e-05,
    9.999999747378752e-05,
    9.999999747378752e-05,
    9.999999747378752e-05,
    9.999999747378752e-05,
    9.999999747378752e-05
  ]
}